https://edge.forgecdn.net/files/8049/661/CrashAssistant-forge-1.19-1.20.1-1.11.9.jar	CrashAssistant-forge-1.19-1.20.1-1.11.9.jar	True
https://edge.forgecdn.net/files/8074/958/createlowheated-forge-1.20.1-6.0.8-6.jar	createlowheated-forge-1.20.1-6.0.8-6.jar	True
https://edge.forgecdn.net/files/8160/693/gtceu-st-1.20.1-1.7.0b.jar	gtceu-st-1.20.1-1.7.0b.jar	True
https://edge.forgecdn.net/files/7930/776/woodenbucket-1.20.1-2.1.2.0.jar	woodenbucket-1.20.1-2.1.2.0.jar	True
https://edge.forgecdn.net/files/5790/361/GameStages-Forge-1.20.1-15.0.2.jar	GameStages-Forge-1.20.1-15.0.2.jar	True
https://edge.forgecdn.net/files/4955/398/MysticalAdaptations-1.20.1-1.0.1.jar	MysticalAdaptations-1.20.1-1.0.1.jar	True
https://edge.forgecdn.net/files/6186/971/rhino-forge-2001.2.3-build.10.jar	rhino-forge-2001.2.3-build.10.jar	True
https://edge.forgecdn.net/files/5109/692/melody_forge_1.0.3_MC_1.20.1-1.20.4.jar	melody_forge_1.0.3_MC_1.20.1-1.20.4.jar	True
https://edge.forgecdn.net/files/7178/761/create-1.20.1-6.0.8.jar	create-1.20.1-6.0.8.jar	True
https://edge.forgecdn.net/files/4706/149/Fastload-Reforged-mc1.20.1-3.4.0.jar	Fastload-Reforged-mc1.20.1-3.4.0.jar	True
https://edge.forgecdn.net/files/7011/774/Stargate%20Journey-1.20.1-0.6.42.jar	Stargate Journey-1.20.1-0.6.42.jar	True
https://edge.forgecdn.net/files/8029/416/expandedgt-1.0.1.jar	expandedgt-1.0.1.jar	True
https://edge.forgecdn.net/files/5681/725/embeddium-0.3.31%2bmc1.20.1.jar	embeddium-0.3.31+mc1.20.1.jar	True
https://edge.forgecdn.net/files/5623/668/komaru-cat-1.0-SNAPSHOT.jar	komaru-cat-1.0-SNAPSHOT.jar	True
https://edge.forgecdn.net/files/7799/468/emiextraworkstations-2.1.0.jar	emiextraworkstations-2.1.0.jar	True
https://edge.forgecdn.net/files/7983/502/zume-1.2.2.jar	zume-1.2.2.jar	True
https://edge.forgecdn.net/files/8160/704/Star-Technology-Core-1.8.0b.jar	Star-Technology-Core-1.8.0b.jar	True
https://edge.forgecdn.net/files/7098/765/ColossalChests-1.20.1-1.8.7.jar	ColossalChests-1.20.1-1.8.7.jar	True
https://edge.forgecdn.net/files/6639/933/chisel_chipped_integration-v1.1.6-1.20.1.jar	chisel_chipped_integration-v1.1.6-1.20.1.jar	True
https://edge.forgecdn.net/files/7251/787/Bliss_v2.1.2_(Chocapic13_Shaders_edit).zip	Bliss_v2.1.2_(Chocapic13_Shaders_edit).zip	True
https://edge.forgecdn.net/files/4628/674/RecipesLibrary-1.20.1-2.0.1.jar	RecipesLibrary-1.20.1-2.0.1.jar	True
https://edge.forgecdn.net/files/7783/320/supermartijn642corelib-1.1.21-forge-mc1.20.1.jar	supermartijn642corelib-1.1.21-forge-mc1.20.1.jar	True
https://edge.forgecdn.net/files/5907/303/xtonesreworked-1.0.4-F_1.20.1-47.2.0.jar	xtonesreworked-1.0.4-F_1.20.1-47.2.0.jar	True
https://edge.forgecdn.net/files/6773/950/laserio-uel-1.5.0.jar	laserio-uel-1.5.0.jar	True
https://edge.forgecdn.net/files/6945/379/pipez-forge-1.20.1-1.2.26.jar	pipez-forge-1.20.1-1.2.26.jar	True
https://edge.forgecdn.net/files/4654/671/nonetherportal-1.20.1-1.0.jar	nonetherportal-1.20.1-1.0.jar	True
https://edge.forgecdn.net/files/5284/15/Searchables-forge-1.20.1-1.0.3.jar	Searchables-forge-1.20.1-1.0.3.jar	True
https://edge.forgecdn.net/files/8034/376/MysticalAgriculture-1.20.1-7.0.24.jar	MysticalAgriculture-1.20.1-7.0.24.jar	True
https://edge.forgecdn.net/files/6363/6/ChippedExpress-universal-20x.jar	ChippedExpress-universal-20x.jar	True
https://edge.forgecdn.net/files/7932/785/createdieselgenerators-1.20.1-1.3.12.jar	createdieselgenerators-1.20.1-1.3.12.jar	True
https://edge.forgecdn.net/files/4832/944/simplylight-1.20.1-1.4.6-build.50.jar	simplylight-1.20.1-1.4.6-build.50.jar	True
https://edge.forgecdn.net/files/5723/247/betterfpsdist-1.20.1-6.0.jar	betterfpsdist-1.20.1-6.0.jar	True
https://edge.forgecdn.net/files/7551/186/lootjs-forge-1.20.1-2.13.1.jar	lootjs-forge-1.20.1-2.13.1.jar	True
https://edge.forgecdn.net/files/6418/133/toms_storage-1.20-1.7.1.jar	toms_storage-1.20-1.7.1.jar	True
https://edge.forgecdn.net/files/6702/553/functionalstorage-1.20.1-1.2.13.jar	functionalstorage-1.20.1-1.2.13.jar	True
https://edge.forgecdn.net/files/7425/981/DefaultWorldType-1.20.1-4.0.5.jar	DefaultWorldType-1.20.1-4.0.5.jar	True
https://edge.forgecdn.net/files/8006/236/CyclopsCore-1.20.1-1.22.1.jar	CyclopsCore-1.20.1-1.22.1.jar	True
https://edge.forgecdn.net/files/7758/640/Steam_Rails-1.7.2%2bforge-mc1.20.1.jar	Steam_Rails-1.7.2+forge-mc1.20.1.jar	True
https://edge.forgecdn.net/files/7926/122/ThermalExtra-3.3.1-1.20.1.jar	ThermalExtra-3.3.1-1.20.1.jar	True
https://edge.forgecdn.net/files/7772/873/CraftTweaker-forge-1.20.1-14.0.60.jar	CraftTweaker-forge-1.20.1-14.0.60.jar	True
https://edge.forgecdn.net/files/7920/915/jei-1.20.1-forge-15.20.0.130.jar	jei-1.20.1-forge-15.20.0.130.jar	True
https://edge.forgecdn.net/files/5181/98/FastFurnace-1.20.1-8.0.2.jar	FastFurnace-1.20.1-8.0.2.jar	True
https://edge.forgecdn.net/files/5489/81/Jet-Boots-1.20.1-1.2.6.jar	Jet-Boots-1.20.1-1.2.6.jar	True
https://edge.forgecdn.net/files/6020/952/oculus-mc1.20.1-1.8.0.jar	oculus-mc1.20.1-1.8.0.jar	True
https://edge.forgecdn.net/files/7986/603/ExtendedAE-1.20-1.4.15-forge.jar	ExtendedAE-1.20-1.4.15-forge.jar	True
https://edge.forgecdn.net/files/7182/165/ae2ct-1.20.1-1.1.1.jar	ae2ct-1.20.1-1.1.1.jar	True
https://edge.forgecdn.net/files/4631/601/simplybackpacks-1.20.1-2.1.5-build.51.jar	simplybackpacks-1.20.1-2.1.5-build.51.jar	True
https://edge.forgecdn.net/files/5074/515/DustrialDecor-1.3.5-1.20.jar	DustrialDecor-1.3.5-1.20.jar	True
https://edge.forgecdn.net/files/4702/176/fantasyfurniture-1.20.1-9.0.0.jar	fantasyfurniture-1.20.1-9.0.0.jar	True
https://edge.forgecdn.net/files/4734/642/clearvoid-forge-1.3.0.jar	clearvoid-forge-1.3.0.jar	True
https://edge.forgecdn.net/files/8064/899/chloride-FORGE-mc1.20.1-v1.7.7.jar	chloride-FORGE-mc1.20.1-v1.7.7.jar	True
https://edge.forgecdn.net/files/7386/520/FramedBlocks-9.4.3.jar	FramedBlocks-9.4.3.jar	True
https://edge.forgecdn.net/files/7420/617/balm-forge-1.20.1-7.3.38-all.jar	balm-forge-1.20.1-7.3.38-all.jar	True
https://edge.forgecdn.net/files/4810/975/ferritecore-6.0.1-forge.jar	ferritecore-6.0.1-forge.jar	True
https://edge.forgecdn.net/files/4680/832/YeetusExperimentus-Forge-2.3.1-build.6%2bmc1.20.1.jar	YeetusExperimentus-Forge-2.3.1-build.6+mc1.20.1.jar	True
https://edge.forgecdn.net/files/8083/474/FarmersDelight-1.20.1-1.3.2.jar	FarmersDelight-1.20.1-1.3.2.jar	True
https://edge.forgecdn.net/files/5905/130/BSL_v8.4.zip	BSL_v8.4.zip	True
https://edge.forgecdn.net/files/5056/687/modular-routers-12.1.1%2bmc1.20.1.jar	modular-routers-12.1.1+mc1.20.1.jar	True
https://edge.forgecdn.net/files/4882/500/carryon-forge-1.20.1-2.1.2.7.jar	carryon-forge-1.20.1-2.1.2.7.jar	True
https://edge.forgecdn.net/files/7880/858/ftb-chunks-forge-2001.3.7.jar	ftb-chunks-forge-2001.3.7.jar	True
https://edge.forgecdn.net/files/5372/746/thermal_cultivation-1.20.1-11.0.1.24.jar	thermal_cultivation-1.20.1-11.0.1.24.jar	True
https://edge.forgecdn.net/files/5234/697/FluxNetworks-1.20.1-7.2.1.15.jar	FluxNetworks-1.20.1-7.2.1.15.jar	True
https://edge.forgecdn.net/files/7944/965/effortlessbuilding-1.20.1-3.11.jar	effortlessbuilding-1.20.1-3.11.jar	True
https://edge.forgecdn.net/files/7949/783/titanium-1.20.1-3.8.34.jar	titanium-1.20.1-3.8.34.jar	True
https://edge.forgecdn.net/files/7522/483/rechiseledcreate-1.1.0-forge-mc1.20.jar	rechiseledcreate-1.1.0-forge-mc1.20.jar	True
https://edge.forgecdn.net/files/4788/862/XyCraft%20Core-0.6.22.jar	XyCraft Core-0.6.22.jar	True
https://edge.forgecdn.net/files/5176/879/athena-forge-1.20.1-3.1.2.jar	athena-forge-1.20.1-3.1.2.jar	True
https://edge.forgecdn.net/files/5086/469/BadMobs-1.20.1-19.0.4.jar	BadMobs-1.20.1-19.0.4.jar	True
https://edge.forgecdn.net/files/6909/982/shetiphiancore-forge-1.20.1-1.5.jar	shetiphiancore-forge-1.20.1-1.5.jar	True
https://edge.forgecdn.net/files/5840/405/configuration-forge-1.20.1-3.1.0.jar	configuration-forge-1.20.1-3.1.0.jar	True
https://edge.forgecdn.net/files/5729/105/cloth-config-11.1.136-forge.jar	cloth-config-11.1.136-forge.jar	True
https://edge.forgecdn.net/files/4815/411/novacore-1.20.1-1.0.0-build.3.jar	novacore-1.20.1-1.0.0-build.3.jar	True
https://edge.forgecdn.net/files/5180/900/configured-forge-1.20.1-2.2.3.jar	configured-forge-1.20.1-2.2.3.jar	True
https://edge.forgecdn.net/files/7397/183/%5bver_0.22%5d_GT_Revival%2032x_1.19.2-1.20.1-1.21.zip	[ver_0.22]_GT_Revival 32x_1.19.2-1.20.1-1.21.zip	True
https://edge.forgecdn.net/files/6868/149/ProjectRed-1.20.1-4.21.0-transmission.jar	ProjectRed-1.20.1-4.21.0-transmission.jar	True
https://edge.forgecdn.net/files/6482/827/create-new-age-forge-1.20.1-1.1.4.jar	create-new-age-forge-1.20.1-1.1.4.jar	True
https://edge.forgecdn.net/files/4947/474/LibX-1.20.1-5.0.12.jar	LibX-1.20.1-5.0.12.jar	True
https://edge.forgecdn.net/files/6868/147/ProjectRed-1.20.1-4.21.0-illumination.jar	ProjectRed-1.20.1-4.21.0-illumination.jar	True
https://edge.forgecdn.net/files/6910/73/endertanks-forge-1.20.1-1.5.jar	endertanks-forge-1.20.1-1.5.jar	True
https://edge.forgecdn.net/files/6850/495/buildinggadgets2-1.0.8.jar	buildinggadgets2-1.0.8.jar	True
https://edge.forgecdn.net/files/4838/266/item-filters-forge-2001.1.0-build.59.jar	item-filters-forge-2001.1.0-build.59.jar	True
https://edge.forgecdn.net/files/8053/757/entityculling-forge-1.10.2-mc1.20.1.jar	entityculling-forge-1.10.2-mc1.20.1.jar	False
https://edge.forgecdn.net/files/8019/501/craftingtweaks-forge-1.20.1-18.2.9.jar	craftingtweaks-forge-1.20.1-18.2.9.jar	True
https://edge.forgecdn.net/files/6482/257/AEInfinityBooster-1.20.1-1.0.0%2b51.jar	AEInfinityBooster-1.20.1-1.0.0+51.jar	True
https://edge.forgecdn.net/files/5101/229/FastWorkbench-1.20.1-8.0.4.jar	FastWorkbench-1.20.1-8.0.4.jar	True
https://edge.forgecdn.net/files/8020/595/kubejs-forge-2001.6.5-build.26.jar	kubejs-forge-2001.6.5-build.26.jar	True
https://edge.forgecdn.net/files/7180/729/MysticalAgradditions-1.20.1-7.0.12.jar	MysticalAgradditions-1.20.1-7.0.12.jar	True
https://edge.forgecdn.net/files/6855/440/Jade-1.20.1-Forge-11.13.2.jar	Jade-1.20.1-Forge-11.13.2.jar	True
https://edge.forgecdn.net/files/4683/662/TravelAnchors-1.20.1-5.0.1.jar	TravelAnchors-1.20.1-5.0.1.jar	True
https://edge.forgecdn.net/files/7430/993/almostunified-forge-1.20.1-0.11.0.jar	almostunified-forge-1.20.1-0.11.0.jar	True
https://edge.forgecdn.net/files/4788/863/XyCraft%20World-0.6.22.jar	XyCraft World-0.6.22.jar	True
https://edge.forgecdn.net/files/7296/748/ftb-library-forge-2001.2.12.jar	ftb-library-forge-2001.2.12.jar	True
https://edge.forgecdn.net/files/8174/570/Star%20Technology-1.20.1-THETA-1-HOTFIX-3.zip	Star Technology-1.20.1-THETA-1-HOTFIX-3.zip	True
https://edge.forgecdn.net/files/7609/948/ftb-essentials-forge-2001.2.4.jar	ftb-essentials-forge-2001.2.4.jar	True
https://edge.forgecdn.net/files/6402/486/ftb-xmod-compat-forge-2.1.3.jar	ftb-xmod-compat-forge-2.1.3.jar	True
https://edge.forgecdn.net/files/7704/742/CraftPresence-2.7.1%2b1.20.1-forge.jar	CraftPresence-2.7.1+1.20.1-forge.jar	True
https://edge.forgecdn.net/files/6418/456/curios-forge-5.14.1%2b1.20.1.jar	curios-forge-5.14.1+1.20.1.jar	True
https://edge.forgecdn.net/files/5156/621/EasyAnvils-v8.0.2-1.20.1-Forge.jar	EasyAnvils-v8.0.2-1.20.1-Forge.jar	True
https://edge.forgecdn.net/files/7872/374/packetfixer-3.3.2-1.18-1.20.4-merged.jar	packetfixer-3.3.2-1.18-1.20.4-merged.jar	True
https://edge.forgecdn.net/files/4738/952/spark-1.10.53-forge.jar	spark-1.10.53-forge.jar	True
https://edge.forgecdn.net/files/7099/725/gravestone-forge-1.20.1-1.0.35.jar	gravestone-forge-1.20.1-1.0.35.jar	True
https://edge.forgecdn.net/files/7436/494/no-telemetry-1.10.0.jar	no-telemetry-1.10.0.jar	True
https://edge.forgecdn.net/files/7471/518/fusion-1.2.12-forge-mc1.20.1.jar	fusion-1.2.12-forge-mc1.20.1.jar	True
https://edge.forgecdn.net/files/7469/697/ExtremeSoundMuffler-3.51-forge-1.20.1.jar	ExtremeSoundMuffler-3.51-forge-1.20.1.jar	True
https://edge.forgecdn.net/files/7148/487/appliedenergistics2-forge-15.4.10.jar	appliedenergistics2-forge-15.4.10.jar	True
https://edge.forgecdn.net/files/8043/140/kubejs-thermal-2001.1.10-build.5.jar	kubejs-thermal-2001.1.10-build.5.jar	True
https://edge.forgecdn.net/files/7733/175/Programmed%20Circuit%20Card-1.20.1-1.2.9.jar	Programmed Circuit Card-1.20.1-1.2.9.jar	True
https://edge.forgecdn.net/files/7422/406/placeablemaxwell-2.1.2%2b1.20.1-forge.jar	placeablemaxwell-2.1.2+1.20.1-forge.jar	True
https://edge.forgecdn.net/files/7845/318/CBMultipart-1.20.1-3.3.0.159-universal.jar	CBMultipart-1.20.1-3.3.0.159-universal.jar	True
https://edge.forgecdn.net/files/5028/413/konkrete_forge_1.8.0_MC_1.20-1.20.1.jar	konkrete_forge_1.8.0_MC_1.20-1.20.1.jar	True
https://edge.forgecdn.net/files/7180/783/Cucumber-1.20.1-7.0.16.jar	Cucumber-1.20.1-7.0.16.jar	True
https://edge.forgecdn.net/files/6880/327/MysticalCustomization-1.20.1-5.0.3.jar	MysticalCustomization-1.20.1-5.0.3.jar	True
https://edge.forgecdn.net/files/5375/681/FastLeafDecay-32.jar	FastLeafDecay-32.jar	True
https://edge.forgecdn.net/files/6918/565/PuzzlesLib-v8.1.33-1.20.1-Forge.jar	PuzzlesLib-v8.1.33-1.20.1-Forge.jar	True
https://edge.forgecdn.net/files/5137/938/architectury-9.2.14-forge.jar	architectury-9.2.14-forge.jar	True
https://edge.forgecdn.net/files/4578/326/DailyDad-forge-1.20-1.6.0.jar	DailyDad-forge-1.20-1.6.0.jar	True
https://edge.forgecdn.net/files/5350/440/polylib-forge-2000.0.3-build.143.jar	polylib-forge-2000.0.3-build.143.jar	True
https://edge.forgecdn.net/files/7905/744/cupboard-1.20.1-3.7.jar	cupboard-1.20.1-3.7.jar	True
https://edge.forgecdn.net/files/5278/538/Clumps-forge-1.20.1-12.0.0.4.jar	Clumps-forge-1.20.1-12.0.0.4.jar	True
https://edge.forgecdn.net/files/6868/148/ProjectRed-1.20.1-4.21.0-integration.jar	ProjectRed-1.20.1-4.21.0-integration.jar	True
https://edge.forgecdn.net/files/7731/17/Patchouli-1.20.1-85-FORGE.jar	Patchouli-1.20.1-85-FORGE.jar	True
https://edge.forgecdn.net/files/7251/206/ae2wtlib-15.3.3-forge.jar	ae2wtlib-15.3.3-forge.jar	True
https://edge.forgecdn.net/files/6910/34/enderchests-forge-1.20.1-1.4.jar	enderchests-forge-1.20.1-1.4.jar	True
https://edge.forgecdn.net/files/7703/521/Gregtech_CEu_Modern_Programmer_Art.zip	Gregtech_CEu_Modern_Programmer_Art.zip	True
https://edge.forgecdn.net/files/7527/943/FastSuite-1.20.1-5.1.2.jar	FastSuite-1.20.1-5.1.2.jar	True
https://edge.forgecdn.net/files/7951/172/SkyblockBuilder-1.20.1-5.1.32.jar	SkyblockBuilder-1.20.1-5.1.32.jar	True
https://edge.forgecdn.net/files/4834/403/ftbbackups2-forge-1.20-1.0.23.jar	ftbbackups2-forge-1.20-1.0.23.jar	True
https://edge.forgecdn.net/files/7687/383/rechiseled-1.2.4-forge-mc1.20.1.jar	rechiseled-1.2.4-forge-mc1.20.1.jar	True
https://edge.forgecdn.net/files/4688/989/Sildur%27s%20Vibrant%20Shaders%20v1.51%20Extreme-VL.zip	Sildur's Vibrant Shaders v1.51 Extreme-VL.zip	True
https://edge.forgecdn.net/files/7207/953/BHMenu-Forge-1.20.1-2.4.3.jar	BHMenu-Forge-1.20.1-2.4.3.jar	True
https://edge.forgecdn.net/files/6868/143/ProjectRed-1.20.1-4.21.0-core.jar	ProjectRed-1.20.1-4.21.0-core.jar	True
https://edge.forgecdn.net/files/3790/744/Tom%27s%20Simple%20Storage%20Revamped.zip	Tom's Simple Storage Revamped.zip	True
https://edge.forgecdn.net/files/8019/451/inventoryessentials-forge-1.20.1-8.2.16.jar	inventoryessentials-forge-1.20.1-8.2.16.jar	True
https://edge.forgecdn.net/files/5813/138/chipped-forge-1.20.1-3.0.7.jar	chipped-forge-1.20.1-3.0.7.jar	True
https://edge.forgecdn.net/files/5060/610/Architects-Palette-1.20.1-1.3.6.1.jar	Architects-Palette-1.20.1-1.3.6.1.jar	True
https://edge.forgecdn.net/files/6274/231/Placebo-1.20.1-8.6.3.jar	Placebo-1.20.1-8.6.3.jar	True
https://edge.forgecdn.net/files/7256/735/fancymenu_forge_3.8.1_MC_1.20.1.jar	fancymenu_forge_3.8.1_MC_1.20.1.jar	True
https://edge.forgecdn.net/files/7499/810/ftb-teams-forge-2001.3.2.jar	ftb-teams-forge-2001.3.2.jar	True
https://edge.forgecdn.net/files/5492/269/SkyGUIs-1.20.1-3.0.16.jar	SkyGUIs-1.20.1-3.0.16.jar	True
https://edge.forgecdn.net/files/5107/131/AE2NetworkAnalyzer-1.20-1.0.6-forge.jar	AE2NetworkAnalyzer-1.20-1.0.6-forge.jar	True
https://edge.forgecdn.net/files/7658/618/itemcollectors-1.1.12-forge-mc1.20.2.jar	itemcollectors-1.1.12-forge-mc1.20.2.jar	True
https://edge.forgecdn.net/files/4559/989/Create%2bSimple%2bStorage%2bSolid%2bGUI%201.1.zip	Create+Simple+Storage+Solid+GUI 1.1.zip	True
https://edge.forgecdn.net/files/6790/580/systeams-1.20.1-1.9.2.jar	systeams-1.20.1-1.9.2.jar	True
https://edge.forgecdn.net/files/7553/267/geckolib-forge-1.20.1-4.8.3.jar	geckolib-forge-1.20.1-4.8.3.jar	True
https://edge.forgecdn.net/files/5374/122/cofh_core-1.20.1-11.0.2.56.jar	cofh_core-1.20.1-11.0.2.56.jar	True
https://edge.forgecdn.net/files/8123/288/ComplementaryUnbound_r5.8.1.zip	ComplementaryUnbound_r5.8.1.zip	True
https://edge.forgecdn.net/files/7188/685/inventorysorter-1.20.1-23.0.11.jar	inventorysorter-1.20.1-23.0.11.jar	True
https://edge.forgecdn.net/files/5689/932/merequester-forge-1.20.1-1.1.5.jar	merequester-forge-1.20.1-1.1.5.jar	True
https://edge.forgecdn.net/files/5443/583/thermal_foundation-1.20.1-11.0.6.70.jar	thermal_foundation-1.20.1-11.0.6.70.jar	True
https://edge.forgecdn.net/files/4712/179/trashcans-1.0.18b-forge-mc1.20.jar	trashcans-1.0.18b-forge-mc1.20.jar	True
https://edge.forgecdn.net/files/8142/533/colorwheel-forge-1.2.8%2bmc1.20.1.jar	colorwheel-forge-1.2.8+mc1.20.1.jar	True
https://edge.forgecdn.net/files/5372/749/thermal_expansion-1.20.1-11.0.1.29.jar	thermal_expansion-1.20.1-11.0.1.29.jar	True
https://edge.forgecdn.net/files/5983/897/classicbar-1.20.1-4.jar	classicbar-1.20.1-4.jar	True
https://edge.forgecdn.net/files/4715/408/supermartijn642configlib-1.1.8-forge-mc1.20.jar	supermartijn642configlib-1.1.8-forge-mc1.20.jar	True
https://edge.forgecdn.net/files/8123/287/ComplementaryReimagined_r5.8.1.zip	ComplementaryReimagined_r5.8.1.zip	True
https://edge.forgecdn.net/files/7703/340/UniLib-1.2.1%2b1.20.1-forge.jar	UniLib-1.2.1+1.20.1-forge.jar	True
https://edge.forgecdn.net/files/5635/727/exnihilosequentia-1.20.1-5.0.0-build.9.jar	exnihilosequentia-1.20.1-5.0.0-build.9.jar	True
https://edge.forgecdn.net/files/7809/449/ldlib-forge-1.20.1-1.0.50.jar	ldlib-forge-1.20.1-1.0.50.jar	True
https://edge.forgecdn.net/files/6791/399/FpsReducer2-forge-1.20.1-2.5.1.jar	FpsReducer2-forge-1.20.1-2.5.1.jar	True
https://edge.forgecdn.net/files/5091/980/redimstages-1.0.0.jar	redimstages-1.0.0.jar	True
https://edge.forgecdn.net/files/5226/922/Glodium-1.20-1.5-forge.jar	Glodium-1.20-1.5-forge.jar	True
https://edge.forgecdn.net/files/7974/471/vintage-1.20.1-1.5.9.jar	vintage-1.20.1-1.5.9.jar	False
https://edge.forgecdn.net/files/7127/447/guideme-20.1.14.jar	guideme-20.1.14.jar	True
https://edge.forgecdn.net/files/7291/67/kotlinforforge-4.12.0-all.jar	kotlinforforge-4.12.0-all.jar	True
https://edge.forgecdn.net/files/8048/572/expandedae-1.4.1.b.jar	expandedae-1.4.1.b.jar	True
https://edge.forgecdn.net/files/5486/70/botarium-forge-1.20.1-2.3.4.jar	botarium-forge-1.20.1-2.3.4.jar	True
https://edge.forgecdn.net/files/8078/538/ftb-quests-forge-2001.4.22.jar	ftb-quests-forge-2001.4.22.jar	True
https://edge.forgecdn.net/files/8087/610/immersive_optimization-forge-1.20.1-0.1.5.jar	immersive_optimization-forge-1.20.1-0.1.5.jar	True
https://edge.forgecdn.net/files/5753/868/CodeChickenLib-1.20.1-4.4.0.516-universal.jar	CodeChickenLib-1.20.1-4.4.0.516-universal.jar	True
https://edge.forgecdn.net/files/7634/682/copycats-3.0.7%2bmc.1.20.1-forge.jar	copycats-3.0.7+mc.1.20.1-forge.jar	True
https://edge.forgecdn.net/files/7880/472/ftb-ultimine-forge-2001.1.8.jar	ftb-ultimine-forge-2001.1.8.jar	True
https://edge.forgecdn.net/files/4646/682/Controlling-forge-1.20.1-12.0.2.jar	Controlling-forge-1.20.1-12.0.2.jar	True
https://edge.forgecdn.net/files/5659/871/resourcefullib-forge-1.20.1-2.1.29.jar	resourcefullib-forge-1.20.1-2.1.29.jar	True
https://edge.forgecdn.net/files/5777/386/ftbquestsfreezefix-forge-1.0.0-1.20.1.jar	ftbquestsfreezefix-forge-1.0.0-1.20.1.jar	True
https://edge.forgecdn.net/files/6265/498/kubejs-create-forge-2001.3.0-build.8.jar	kubejs-create-forge-2001.3.0-build.8.jar	True
https://edge.forgecdn.net/files/6175/8/megacells-forge-2.4.6-1.20.1.jar	megacells-forge-2.4.6-1.20.1.jar	True
https://edge.forgecdn.net/files/7177/902/Stellar%20View-1.20.1-0.5.2-Forge.jar	Stellar View-1.20.1-0.5.2-Forge.jar	True
https://edge.forgecdn.net/files/5150/173/squatgrow-forge-5.3.0%2bmc1.20.1.jar	squatgrow-forge-5.3.0+mc1.20.1.jar	True
https://edge.forgecdn.net/files/7612/389/Bookshelf-Forge-1.20.1-20.2.15.jar	Bookshelf-Forge-1.20.1-20.2.15.jar	True
https://edge.forgecdn.net/files/8081/375/emi-1.1.24%2b1.20.1%2bforge.jar	emi-1.1.24+1.20.1+forge.jar	True
https://edge.forgecdn.net/files/5945/546/Pretty_Pipez_1_20_0-1.zip	Pretty_Pipez_1_20_0-1.zip	True
https://edge.forgecdn.net/files/5643/37/observable-4.4.2.jar	observable-4.4.2.jar	True
https://edge.forgecdn.net/files/6015/618/betterp2p-1.5.0-forge.jar	betterp2p-1.5.0-forge.jar	True
https://edge.forgecdn.net/files/7599/486/create_hypertube-0.4.0-FORGE.jar	create_hypertube-0.4.0-FORGE.jar	True
https://edge.forgecdn.net/files/7930/882/bucketlib-1.20.1-2.3.8.0.jar	bucketlib-1.20.1-2.3.8.0.jar	True
https://edge.forgecdn.net/files/8099/770/modernfix-forge-5.27.25%2bmc1.20.1.jar	modernfix-forge-5.27.25+mc1.20.1.jar	True
https://edge.forgecdn.net/files/4754/782/bml-1.20.1-1.1.8.jar	bml-1.20.1-1.1.8.jar	True
https://edge.forgecdn.net/files/4892/299/lmft-1.0.4%2b1.20.1-forge.jar	lmft-1.0.4+1.20.1-forge.jar	True
https://edge.forgecdn.net/files/7214/476/forgivingvoid-forge-1.20.1-10.0.3.jar	forgivingvoid-forge-1.20.1-10.0.3.jar	True
https://edge.forgecdn.net/files/5288/612/bingus-1.20.1.jar	bingus-1.20.1.jar	True
